New Cases,New Deaths,New Recovered,New Active Cases,Total Cases,Total Deaths,Total Recovered,Total Active Cases
287,12,188,87,18441,537,15931,1973
1956,20,1643,293,185691,3290,166453,15948
233,13,113,107,12388,272,8420,3696
1504,3,1204,297,85083,1173,71943,11967
896,4,575,317,83252,3623,57036,22593
862,64,641,157,85274,6466,75692,3116
246,9,342,-105,18687,546,16273,1868
1894,26,2280,-412,187585,3316,168733,15536
291,2,217,72,12679,274,8637,3768
1167,1,913,253,86250,1174,72856,12220
970,92,904,-26,84222,3715,57940,22567
763,70,678,15,86037,6536,76370,3131
136,2,127,7,18823,548,16400,1875
1658,10,1691,-43,189243,3326,170424,15493
218,13,221,-16,12897,287,8858,3752
1232,2,1114,116,87482,1176,73970,12336
927,64,405,458,85149,3779,58345,23025
570,49,535,-14,86607,6585,76905,3117
158,4,251,-97,18981,552,16651,1778
1832,21,2527,-716,191075,3347,172951,14777
146,3,133,10,13043,290,8991,3762
1079,2,1041,36,88561,1178,75011,12372
1036,12,731,293,86185,3791,59076,23318
673,49,501,123,87280,6634,77406,3240
164,8,203,-47,19145,560,16854,1731
1824,19,1339,466,192899,3366,174290,15243
297,3,45,249,13340,293,9036,4011
1100,8,1081,11,89661,1186,76092,12383
993,22,1327,-356,87178,3813,60403,22962
675,61,501,113,87955,6695,77907,3353
189,5,131,53,19334,565,16985,1784
2402,16,1095,1291,195301,3382,175385,16534
272,4,290,-22,13612,297,9326,3989
1470,11,1360,99,91131,1197,77452,12482
1022,47,1026,-51,88200,3860,61429,22911
800,51,906,-157,88755,6746,78813,3196
364,7,211,146,19698,572,17196,1930
2398,21,1446,931,197699,3403,176831,17465
355,4,180,171,13967,301,9506,4160
1416,2,1203,211,92547,1199,78655,12693
995,46,700,249,89195,3906,62129,23160
879,81,561,237,89634,6827,79374,3433
253,6,213,34,19951,578,17409,1964
2959,24,2690,245,200658,3427,179521,17710
379,7,147,225,14346,308,9653,4385
1823,4,911,908,94370,1203,79566,13601
1068,58,821,189,90263,3964,62950,23349
977,69,625,283,90611,6896,79999,3716
275,7,166,102,20226,585,17575,2066
2753,27,2118,608,203411,3454,181639,18318
301,7,136,158,14647,315,9789,4543
1731,6,1175,550,96101,1209,80741,14151
1030,23,271,736,91293,3987,63221,24085
1015,51,591,373,91626,6947,80590,4089
185,7,250,-72,21034,623,18835,1576
3476,45,2952,479,214728,3595,191656,19477
319,5,178,136,15801,341,10551,4909
1755,11,1059,685,102338,1254,84771,16313
1471,95,736,640,96180,4230,66181,25769
885,75,883,-73,95133,7191,83502,4440
240,6,211,23,21274,629,19046,1599
3165,43,2075,1047,217893,3638,193731,20524
291,8,128,155,16092,349,10679,5064
2202,11,1348,843,104540,1265,86119,17156
1494,88,1007,399,97674,4318,67188,26168
1007,66,766,175,96140,7257,84268,4615
282,10,275,-3,21556,639,19321,1596
2541,35,2490,16,220434,3673,196221,20540
262,18,248,-4,16354,367,10927,5060
3095,27,1091,1977,107635,1292,87210,19133
1990,32,859,1099,99664,4350,68047,27267
1256,69,788,399,97396,7326,85056,5014
257,5,176,76,21813,644,19497,1672
3536,32,1772,1732,223970,3705,197993,22272
302,12,298,-8,16656,379,11225,5052
3460,42,2142,1276,111095,1334,89352,20409
1992,44,768,1180,101656,4394,68815,28447
1219,48,707,464,98615,7374,85763,5478
283,7,224,52,22096,651,19721,1724
3395,33,3776,-414,227365,3738,201769,21858
277,9,173,95,16933,388,11398,5147
1491,11,1581,-101,112586,1345,90933,20308
1850,41,120,1689,103506,4435,68935,30136
906,50,766,90,99521,7424,86529,5568
245,3,422,-180,22341,654,20143,1544
2361,36,2801,-476,229726,3774,204570,21382
295,6,287,2,17228,394,11685,5149
1486,28,1624,-166,114072,1373,92557,20142
1552,85,1061,406,105058,4520,69996,30542
863,39,705,119,100384,7463,87234,5687
183,0,277,-94,22524,654,20420,1450
2563,40,2500,23,232289,3814,207070,21405
287,1,107,179,17515,395,11792,5328
1684,24,1358,302,115756,1397,93915,20444
1612,106,673,833,106670,4626,70669,31375
946,52,675,219,101330,7515,87909,5906
286,8,229,49,22810,662,20649,1499
3786,33,3770,-17,236075,3847,210840,21388
287,13,188,86,17802,408,11980,5414
1814,13,1486,315,117570,1410,95401,20759
1773,30,528,1215,108443,4656,71197,32590
940,59,700,181,102270,7574,88609,6087
237,3,165,69,23047,665,20814,1568
3151,30,2570,551,239226,3877,213410,21939
456,9,207,240,18258,417,12187,5654
1228,73,1593,-438,118798,1483,96994,20321
1973,101,1114,758,110416,4757,72311,33348
1122,52,914,156,103392,7626,89523,6243
321,3,234,84,23368,668,21048,1652
3791,41,2169,1581,243017,3918,215579,23520
478,5,374,99,18736,422,12561,5753
2441,8,1359,1074,121239,1491,98353,21395
1795,35,627,1133,112211,4792,72938,34481
1046,52,813,181,104438,7678,90336,6424
357,10,206,141,23725,678,21254,1793
3285,31,3492,-238,246302,3949,219071,23282
473,8,117,348,19209,430,12678,6101
1809,16,2115,-322,123048,1507,100468,21073
1871,8,479,1384,114082,4800,73417,35865
935,33,886,16,105373,7711,91222,6440
410,3,175,232,24135,681,21429,2025
3512,39,2328,1145,249814,3988,221399,24427
210,9,186,15,19419,439,12864,6116
2328,8,1764,556,125376,1515,102232,21629
1514,5,289,1220,115596,4805,73706,37085
895,44,765,86,106268,7755,91987,6526
289,4,165,120,24424,685,21594,2145
2451,43,2504,-96,252265,4031,223903,24331
310,15,408,-113,19729,454,13272,6003
2022,2,1232,788,127398,1517,103464,22417
1513,126,2161,-774,117109,4931,75867,36311
890,35,726,129,107158,7790,92713,6655
525,7,309,209,24949,692,21903,2354
2313,46,2939,-672,254578,4077,226842,23659
325,6,311,8,20054,460,13583,6011
3925,13,2245,1667,131323,1530,105709,24084
1678,118,1590,-30,118787,5049,77457,36281
933,56,744,133,108091,7846,93457,6788
302,6,146,150,25251,698,22049,2504
1836,34,2970,-1168,256414,4111,229812,22491
427,15,383,29,20481,475,13966,6040
3198,105,1794,1299,134521,1635,107503,25383
1795,112,1554,129,120582,5161,79011,36410
1089,44,770,275,109180,7890,94227,7063
44,8,618,-582,25295,706,22667,1922
2889,40,2731,118,259303,4151,232543,22609
359,9,383,-33,20840,484,14349,6007
4534,163,2285,2086,139055,1798,109788,27469
1498,85,892,521,122080,5246,79903,36931
1035,44,753,238,110215,7934,94980,7301
326,3,269,54,25621,709,22936,1976
3448,44,2428,976,262751,4195,234971,23585
414,3,210,201,21254,487,14559,6208
3834,5,2234,1595,142889,1803,112022,29064
1494,25,374,1095,123574,5271,80277,38026
997,33,933,31,111212,7967,95913,7332
300,3,136,161,25921,712,23072,2137
3491,30,3565,-104,266242,4225,238536,23481
317,7,262,48,21571,494,14821,6256
4601,28,2661,1912,147490,1831,114683,30976
1238,24,309,905,124812,5295,80586,38931
854,38,804,12,112066,8005,96717,7344
273,4,210,59,26194,716,23282,2196
3474,42,3355,77,269716,4267,241891,23558
254,14,409,-169,21825,508,15230,6087
2848,62,2458,328,150338,1893,117141,31304
1115,27,175,913,125927,5322,80761,39844
851,33,710,108,112917,8038,97427,7452
34,5,158,-129,26228,721,23440,2067
3614,45,2352,1217,273330,4312,244243,24775
222,7,260,-45,22047,515,15490,6042
2969,5,2538,426,153307,1898,119679,31730
973,137,1977,-1141,126900,5459,82738,38703
669,36,929,-296,113586,8074,98356,7156
37,18,542,-523,26265,739,23982,1544
3362,44,4577,-1259,276692,4356,248820,23516
226,6,271,-51,22273,521,15761,5991
2068,78,2307,-317,155375,1976,121986,31413
1116,63,1374,-321,128016,5522,84112,38382
809,50,919,-160,114395,8124,99275,6996
129,4,290,-165,26394,743,24272,1379
3567,44,1391,2132,280259,4400,250211,25648
312,4,312,-4,22585,525,16073,5987
2241,10,1890,341,157616,1986,123876,31754
1783,23,992,768,129799,5545,85104,39150
719,64,662,-7,115114,8188,99937,6989
26,5,196,-175,26420,748,24468,1204
3632,40,3963,-371,283891,4440,254174,25277
321,6,229,86,22906,531,16302,6073
2020,17,2361,-358,159636,2003,126237,31396
1774,87,779,908,131573,5632,85883,40058
595,57,874,-336,115709,8245,100811,6653
67,7,160,-100,26487,755,24628,1104
3340,45,2475,820,287231,4485,256649,26097
280,2,164,114,23186,533,16466,6187
2117,28,2674,-585,161753,2031,128911,30811
1883,20,511,1352,133456,5652,86394,41410
753,61,836,-144,116462,8306,101647,6509
47,5,245,-203,26534,760,24873,901
2379,44,4434,-2099,289610,4529,261083,23998
217,4,266,-53,23403,537,16732,6134
3971,4,3114,853,165724,2035,132025,31664
1600,16,115,1469,135056,5668,86509,42879
693,61,678,-46,117155,8367,102325,6463
91,4,172,-85,26625,764,25045,816
4212,45,4305,-138,293822,4574,265388,23860
145,3,215,-73,23548,540,16947,6061
1987,2,2083,-98,167711,2037,134108,31566
1061,15,78,968,136117,5683,86587,43847
569,31,697,-159,117724,8398,103022,6304
42,13,612,-583,26667,777,25657,233
3142,43,3417,-318,296964,4617,268805,23542
206,13,255,-62,23754,553,17202,5999
1498,12,3219,-1733,169209,2049,137327,29833
826,9,1043,-226,136943,5692,87630,43621
666,26,753,-113,118390,8424,103775,6191
65,2,280,-217,26732,779,25937,16
3437,57,2786,594,300401,4674,271591,24136
228,4,328,-104,23982,557,17530,5895
776,17,2127,-1368,169985,2066,139454,28465
948,50,662,236,137891,5742,88292,43857
447,25,349,73,118837,8449,104124,6264
114,9,382,-277,27064,797,26838,-571
3017,53,5010,-2046,313046,4871,289579,18596
113,9,370,-266,24925,587,18591,5747
1736,2,2483,-749,174125,2107,145702,26316
761,116,536,109,141519,5914,91036,44569
559,31,490,38,121830,8640,106031,7159
74,7,179,-112,27138,804,27017,-683
2497,48,3977,-1528,315543,4919,293556,17068
108,9,247,-148,25033,596,18838,5599
881,6,1684,-809,175006,2113,147386,25507
476,71,49,356,141995,5985,91085,44925
516,37,395,84,122346,8677,106426,7243
179,5,258,-84,27317,809,27275,-767
1879,42,2081,-244,317422,4961,295637,16824
135,5,139,-9,25168,601,18977,5590
947,5,1266,-324,175953,2118,148652,25183
878,39,225,614,142873,6024,91310,45539
432,36,473,-77,122778,8713,106899,7166
351,11,245,95,27668,820,27520,-672
1861,62,1580,219,319283,5023,297217,17043
165,5,262,-102,25333,606,19239,5488
4032,14,2100,1918,179985,2132,150752,27101
1101,38,12,1051,143974,6062,91322,46590
473,16,287,170,123251,8729,107186,7336
335,4,223,108,28003,824,27743,-564
1446,31,2591,-1176,320729,5054,299808,15867
229,3,227,-1,25562,609,19466,5487
4333,3,2695,1635,184318,2135,153447,28736
868,6,59,803,144842,6068,91381,47393
579,13,265,301,123830,8742,107451,7637
86,9,325,-248,28089,833,28068,-812
373,35,2717,-2379,321102,5089,302525,13488
255,11,118,126,25817,620,19584,5613
4210,9,3339,862,188528,2144,156786,29598
676,9,489,178,145518,6077,91870,47571
559,21,385,153,124389,8763,107836,7790
73,2,334,-263,28162,835,28402,-1075
1920,6,2758,-844,323022,5095,305283,12644
263,4,259,0,26080,624,19843,5613
3846,25,2553,1268,192374,2169,159339,30866
1205,35,691,479,146723,6112,92561,48050
571,23,638,-90,124960,8786,108474,7700
73,7,129,-63,28235,842,28531,-1138
2872,40,2490,342,325894,5135,307773,12986
201,5,128,68,26281,629,19971,5681
974,5,1527,-558,193348,2174,160866,30308
804,18,489,297,147527,6130,93050,48347
625,32,570,23,125585,8818,109044,7723
249,6,107,136,28484,848,28638,-1002
2725,55,2681,-11,328619,5190,310454,12975
175,8,257,-90,26456,637,20228,5591
1021,4,1612,-595,194369,2178,162478,29713
484,12,225,247,148011,6142,93275,48594
446,26,534,-114,126031,8844,109578,7609
114,3,246,-135,28598,851,28884,-1137
2465,40,2305,120,331084,5230,312759,13095
138,7,227,-96,26594,644,20455,5495
3813,16,2828,969,198182,2194,165306,30682
1047,41,1141,-135,149058,6183,94416,48459
434,44,645,-255,126465,8888,110223,7354
251,6,318,-73,28849,857,29202,-1210
782,45,2052,-1315,331866,5275,314811,11780
228,10,242,-24,26822,654,20697,5471
4334,23,2048,2263,202516,2217,167354,32945
827,144,645,38,149885,6327,95061,48497
546,35,492,19,127011,8923,110715,7373
41,7,185,-151,28890,864,29387,-1361
782,35,1857,-1110,332648,5310,316668,10670
201,6,253,-58,27023,660,20950,5413
2192,7,1376,809,204708,2224,168730,33754
1260,78,571,611,151145,6405,95632,49108
580,30,697,-147,127591,8953,111412,7226
263,4,214,45,29153,868,29601,-1316
1581,56,2656,-1131,334229,5366,319324,9539
228,3,256,-31,27251,663,21206,5382
2544,73,1086,1385,207252,2297,169816,35139
820,69,1221,-470,151965,6474,96853,48638
556,37,560,-41,128147,8990,111972,7185
236,3,281,-48,29389,871,29882,-1364
1662,42,1864,-244,335891,5408,321188,9295
174,4,223,-53,27425,667,21429,5329
2314,7,867,1440,209566,2304,170683,36579
651,133,1108,-590,152616,6607,97961,48048
543,20,600,-77,128690,9010,112572,7108
37,7,178,-148,29426,878,30060,-1512
1736,44,1163,529,337627,5452,322351,9824
228,7,218,3,27653,674,21647,5332
876,5,651,220,210442,2309,171334,36799
629,69,2493,-1933,153245,6676,100454,46115
445,20,444,-19,129135,9030,113016,7089
46,4,220,-178,29472,882,30280,-1690
2098,43,891,1164,339725,5495,323242,10988
170,4,259,-93,27823,678,21906,5239
771,51,535,185,211213,2360,171869,36984
327,16,2701,-2390,153572,6692,103155,43725
324,26,555,-257,129459,9056,113571,6832
21,3,194,-176,29493,885,30474,-1866
2058,52,3133,-1127,341783,5547,326375,9861
144,4,274,-134,27967,682,22180,5105
1662,4,1693,-35,212875,2364,173562,36949
656,24,883,-251,154228,6716,104038,43474
341,21,421,-101,129800,9077,113992,6731
97,2,193,-98,29590,887,30667,-1964
577,36,2165,-1624,342360,5583,328540,8237
150,4,266,-120,28117,686,22446,4985
1654,49,2234,-629,214529,2413,175796,36320
983,36,814,133,155211,6752,104852,43607
412,21,653,-262,130212,9098,114645,6469
73,5,245,-177,29663,892,30912,-2141
1437,38,2487,-1088,343797,5621,331027,7149
229,7,160,62,28346,693,22606,5047
1895,49,2257,-411,216424,2462,178053,35909
473,27,1314,-868,155684,6779,106166,42739
430,25,480,-75,130642,9123,115125,6394
11,5,260,-254,29674,897,31172,-2395
2009,46,1750,213,345806,5667,332777,7362
228,5,280,-57,28574,698,22886,4990
1731,45,1191,495,218155,2507,179244,36404
591,19,693,-121,156275,6798,106859,42618
404,20,440,-56,131046,9143,115565,6338
515,7,184,324,30189,904,31356,-2071
1160,45,1290,-175,346966,5712,334067,7187
175,0,95,80,28749,698,22981,5070
1785,7,1686,92,219940,2514,180930,36496
872,17,283,572,157147,6815,107142,43190
404,16,447,-59,131450,9159,116012,6279
13,2,97,-86,30202,906,31453,-2157
1615,44,1568,3,348581,5756,335635,7190
89,5,249,-165,28838,703,23230,4905
1094,1,1304,-211,221034,2515,182234,36285
586,8,47,531,157733,6823,107189,43721
393,25,466,-98,131843,9184,116478,6181
12,3,156,-147,30214,909,31609,-2304
1835,45,1765,25,350416,5801,337400,7215
149,4,105,40,28987,707,23335,4945
1365,2,538,825,222399,2517,182772,37110
394,2,572,-180,158127,6825,107761,43541
328,16,380,-68,132171,9200,116858,6113
591,4,185,402,30805,913,31794,-1902
1783,48,1675,60,352199,5849,339075,7275
167,6,161,0,29154,713,23496,4945
1739,72,1941,-274,224138,2589,184713,36836
871,85,2346,-1560,158998,6910,110107,41981
328,23,410,-105,132499,9223,117268,6008
100,3,256,-159,30905,916,32050,-2061
867,45,1643,-821,353066,5894,340718,6454
176,2,190,-16,29330,715,23686,4929
1787,50,1005,732,225925,2639,185718,37568
899,52,1859,-1012,159897,6962,111966,40969
391,22,434,-65,132890,9245,117702,5943
248,0,85,163,31824,924,32561,-1661
1034,10,577,447,358772,6024,345015,7733
188,3,259,-74,30027,725,24551,4751
925,2,1587,-664,230558,2714,195252,32592
155,11,255,-111,161103,7049,113939,40115
346,18,362,-34,134316,9312,119348,5656
315,2,67,246,32139,926,32628,-1415
1204,36,2367,-1199,359976,6060,347382,6534
90,4,266,-180,30117,729,24817,4571
1133,6,944,183,231691,2720,196196,32775
144,3,106,35,161247,7052,114045,40150
278,14,214,50,134594,9326,119562,5706
290,2,125,163,32429,928,32753,-1252
1555,35,1762,-242,361531,6095,349144,6292
140,3,151,-14,30257,732,24968,4557
1334,20,1568,-254,233025,2740,197764,32521
656,20,562,74,161903,7072,114607,40224
257,20,293,-56,134851,9346,119855,5650
247,2,132,113,32676,930,32885,-1139
835,20,1491,-676,362366,6115,350635,5616
170,6,211,-47,30427,738,25179,4510
1617,35,2142,-560,234642,2775,199906,31961
560,41,1390,-871,162463,7113,115997,39353
291,24,248,19,135142,9370,120103,5669
861,3,249,609,33537,933,33134,-530
1330,3,1183,144,363696,6118,351818,5760
270,1,74,195,30697,739,25253,4705
1347,36,4156,-2845,235989,2811,204062,29116
596,43,733,-180,163059,7156,116730,39173
321,88,1007,-774,135463,9458,121110,4895
293,4,80,209,33830,937,33214,-321
1719,20,1168,531,365415,6138,352986,6291
257,6,125,126,30954,745,25378,4831
1261,44,1185,32,237250,2855,205247,29148
658,67,948,-357,163717,7223,117678,38816
339,38,820,-519,135802,9496,121930,4376
325,5,80,240,34155,942,33294,-81
1588,24,1175,389,367003,6162,354161,6680
161,3,200,-42,31115,748,25578,4789
1361,34,957,370,238611,2889,206204,29518
610,48,842,-280,164327,7271,118520,38536
305,46,357,-98,136107,9542,122287,4278
233,2,64,167,34388,944,33358,86
1935,22,1184,729,368938,6184,355345,7409
242,5,100,137,31357,753,25678,4926
822,7,1711,-896,239433,2896,207915,28622
220,9,303,-92,164547,7280,118823,38444
289,74,333,-118,136396,9616,122620,4160
211,0,47,164,34599,944,33405,250
1638,23,1884,-269,370576,6207,357229,7140
95,4,60,31,31452,757,25738,4957
517,21,1324,-828,239950,2917,209239,27794
102,4,102,-4,164649,7284,118925,38440
292,20,554,-282,136688,9636,123174,3878
440,0,46,394,35039,944,33451,644
1474,8,1715,-249,372050,6215,358944,6891
143,4,174,-35,31595,761,25912,4922
1253,48,1062,143,241203,2965,210301,27937
740,21,1714,-995,165389,7305,120639,37445
270,28,322,-80,136958,9664,123496,3798
298,2,76,220,35337,946,33527,864
816,11,1691,-886,372866,6226,360635,6005
205,3,220,-18,31800,764,26132,4904
1216,41,1392,-217,242419,3006,211693,27720
732,23,1093,-384,166121,7328,121732,37061
238,27,376,-165,137196,9691,123872,3633
259,1,165,93,35596,947,33692,957
890,11,1986,-1107,373756,6237,362621,4898
254,4,150,100,32054,768,26282,5004
1329,7,2469,-1147,243748,3013,214162,26573
403,27,1156,-780,166524,7355,122888,36281
289,23,564,-298,137485,9714,124436,3335
91,0,47,44,35687,947,33739,1001
1727,12,490,1225,375483,6249,363111,6123
258,1,193,64,32312,769,26475,5068
1172,12,1146,14,244920,3025,215308,26587
437,18,568,-149,166961,7373,123456,36132
348,21,345,-18,137833,9735,124781,3317
176,2,51,123,35863,949,33790,1124
1381,11,897,473,376864,6260,364008,6596
232,8,140,84,32544,777,26615,5152
855,1,1495,-641,245775,3026,216803,25946
265,8,546,-289,167226,7381,124002,35843
340,25,404,-89,138173,9760,125185,3228
220,0,71,149,36083,949,33861,1273
1354,18,599,737,378218,6278,364607,7333
140,11,200,-71,32684,788,26815,5081
476,102,1181,-807,246251,3128,217984,25139
141,9,87,45,167367,7390,124089,35888
275,17,452,-194,138448,9777,125637,3034
79,0,29,50,36162,949,33890,1323
1470,23,1175,272,379688,6301,365782,7605
127,6,179,-58,32811,794,26994,5023
534,7,837,-310,246785,3135,218821,24829
100,1,0,99,167467,7391,124089,35987
266,19,339,-92,138714,9796,125976,2942
328,1,90,237,36490,950,33980,1560
1014,22,1079,-87,380702,6323,366861,7518
106,6,172,-72,32917,800,27166,4951
1610,6,1369,235,248395,3141,220190,25064
388,37,871,-520,167855,7428,124960,35467
251,30,813,-592,138965,9826,126789,2350
319,1,90,228,36809,951,34070,1788
384,21,1087,-724,381086,6344,367948,6794
283,5,238,40,33200,805,27404,4991
911,8,1038,-135,249306,3149,221228,24929
649,17,1108,-476,168504,7445,126068,34991
279,31,494,-246,139244,9857,127283,2104
950,5,701,244,37759,956,34771,2032
965,0,1073,-108,382051,6344,369021,6686
272,4,231,37,33472,809,27635,5028
975,6,723,246,250281,3155,221951,25175
497,10,658,-171,169001,7455,126726,34820
301,36,273,-8,139545,9893,127556,2096
905,12,751,142,38664,968,35522,2174
1337,18,988,331,383388,6362,370009,7017
176,5,280,-109,33648,814,27915,4919
904,75,1156,-327,251185,3230,223107,24848
669,14,812,-157,169670,7469,127538,34663
281,24,233,24,139826,9917,127789,2120
850,8,364,478,39514,976,35886,2652
1240,7,1292,-59,384628,6369,371301,6958
254,3,165,86,33902,817,28080,5005
661,5,482,174,251846,3235,223589,25022
235,10,138,87,169905,7479,127676,34750
274,25,228,21,140100,9942,128017,2141
910,11,154,745,40424,987,36040,3397
1098,4,600,494,385726,6373,371901,7452
118,7,231,-120,34020,824,28311,4885
360,5,389,-34,252206,3240,223978,24988
269,3,80,186,170174,7482,127756,34936
230,21,222,-13,140330,9963,128239,2128
3501,177,5599,-2275,43925,1164,41639,1122
736,6,1600,-870,386462,6379,373501,6582
123,2,183,-62,34143,826,28494,4823
338,4,294,40,252544,3244,224272,25028
195,46,13,136,170369,7528,127769,35072
221,21,196,4,140551,9984,128435,2132
259,0,88,171,44184,1164,41727,1293
523,4,1187,-668,386985,6383,374688,5914
135,1,227,-93,34278,827,28721,4730
910,5,690,215,253454,3249,224962,25243
496,51,2016,-1571,170865,7579,129785,33501
230,30,233,-33,140781,10014,128668,2099
187,0,11,176,44371,1164,41738,1469
487,4,587,-104,387472,6387,375275,5810
233,7,207,19,34511,834,28928,4749
963,68,652,243,254417,3317,225614,25486
593,3,804,-214,171458,7582,130589,33287
295,25,216,54,141076,10039,128884,2153
163,1,128,34,44534,1165,41866,1503
862,9,695,158,388334,6396,375970,5968
272,1,200,71,34783,835,29128,4820
811,2,726,83,255228,3319,226340,25569
534,7,2274,-1747,171992,7589,132863,31540
346,45,370,-69,141422,10084,129254,2084
121,1,38,82,44655,1166,41904,1585
1238,4,485,749,389572,6400,376455,6717
220,5,210,5,35003,840,29338,4825
673,13,1180,-520,255901,3332,227520,25049
796,37,2685,-1926,172788,7626,135548,29614
297,25,219,53,141719,10109,129473,2137
143,4,61,78,44798,1170,41965,1663
1013,10,623,380,390585,6410,377078,7097
222,6,151,65,35225,846,29489,4890
931,22,451,458,256832,3354,227971,25507
569,26,2756,-2213,173357,7652,138304,27401
308,19,249,40,142027,10128,129722,2177
183,1,152,30,45516,1176,42412,1928
828,6,900,-78,394113,6437,381587,6089
232,7,231,-6,35948,869,30365,4714
1456,23,1116,317,261502,3414,230589,27499
857,15,2018,-1176,175435,7702,142225,25508
249,32,225,-8,143053,10245,130765,2043
86,1,102,-17,45602,1177,42514,1911
661,7,614,40,394774,6444,382201,6129
292,5,290,-3,36240,874,30655,4711
1568,17,637,914,263070,3431,231226,28413
714,21,1770,-1077,176149,7723,143995,24431
262,23,279,-40,143315,10268,131044,2003
81,1,95,-15,45683,1178,42609,1896
1330,6,690,634,396104,6450,382891,6763
221,5,267,-51,36461,879,30922,4660
1216,42,1351,-177,264286,3473,232577,28236
840,35,2098,-1293,176989,7758,146093,23138
294,27,228,39,143609,10295,131272,2042
152,3,54,95,45835,1181,42663,1991
980,18,871,91,397084,6468,383762,6854
218,6,201,11,36679,885,31123,4671
998,5,612,381,265284,3478,233189,28617
667,28,1851,-1212,177656,7786,147944,21926
290,22,311,-43,143899,10317,131583,1999
102,9,77,16,45937,1190,42740,2007
1037,18,999,20,398121,6486,384761,6874
158,9,281,-132,36837,894,31404,4539
832,9,696,127,266116,3487,233885,28744
517,2,1782,-1267,178173,7788,149726,20659
285,26,250,9,144184,10343,131833,2008
50,0,249,-199,45987,1190,42989,1808
950,13,987,-50,399071,6499,385748,6824
143,6,225,-88,36980,900,31629,4451
769,9,407,353,266885,3496,234292,29097
395,8,1334,-947,178568,7796,151060,19712
241,19,224,-2,144425,10362,132057,2006
75,1,36,38,46062,1191,43025,1846
973,14,971,-12,400044,6513,386719,6812
170,6,168,-4,37150,906,31797,4447
1422,8,854,560,268307,3504,235146,29657
678,16,1849,-1187,179246,7812,152909,18525
253,30,235,-12,144678,10392,132292,1994
109,1,39,69,46171,1192,43064,1915
460,14,897,-451,400504,6527,387616,6361
210,4,243,-37,37360,910,32040,4410
1399,15,649,735,269706,3519,235795,30392
681,68,2312,-1699,179927,7880,155221,16826
258,35,212,11,144936,10427,132504,2005
70,2,167,-99,46241,1194,43231,1816
602,12,573,17,401106,6539,388189,6378
229,9,242,-22,37589,919,32282,4388
1004,44,2306,-1346,270710,3563,238101,29046
673,81,2045,-1453,180600,7961,157266,15373
303,28,230,45,145239,10455,132734,2050
102,1,93,8,46343,1195,43324,1824
1266,11,652,603,402372,6550,388841,6981
257,8,274,-25,37846,927,32556,4363
1358,28,1337,-7,272068,3591,239438,29039
599,37,1656,-1094,181199,7998,158922,14279
291,25,235,31,145530,10480,132969,2081
173,2,98,73,46516,1197,43422,1897
884,18,721,145,403256,6568,389562,7126
137,5,260,-128,37983,932,32816,4235
1066,23,1031,12,273134,3614,240469,29051
373,45,1532,-1204,181572,8043,160454,13075
300,28,263,9,145830,10508,133232,2090
58,0,122,-64,46574,1197,43544,1833
907,12,885,10,404163,6580,390447,7136
149,4,262,-117,38132,936,33078,4118
630,23,990,-383,273764,3637,241459,28668
316,54,615,-353,181888,8097,161069,12722
257,18,302,-63,146087,10526,133534,2027
80,2,136,-58,46654,1199,43680,1775
896,14,962,-80,405059,6594,391409,7056
223,5,251,-33,38355,941,33329,4085
683,7,397,279,274447,3644,241856,28947
247,0,309,-62,182135,8097,161378,12660
236,20,216,0,146323,10546,133750,2027
220,1,170,49,46874,1200,43850,1824
748,14,1339,-605,405807,6608,392748,6451
184,2,225,-43,38539,943,33554,4042
1941,16,835,1090,276388,3660,242691,30037
643,53,488,102,182778,8150,161866,12762
247,23,263,-39,146570,10569,134013,1988
227,0,197,30,47101,1200,44047,1854
394,17,600,-223,406201,6625,393348,6228
164,5,212,-53,38703,948,33766,3989
1164,17,845,302,277552,3677,243536,30339
353,41,635,-323,183131,8191,162501,12439
237,26,245,-34,146807,10595,134258,1954
60,0,54,6,47161,1200,44101,1860
639,14,682,-57,406840,6639,394030,6171
292,5,200,87,38995,953,33966,4076
1354,14,1032,308,278906,3691,244568,30647
223,57,636,-470,183354,8248,163137,11969
297,23,260,14,147104,10618,134518,1968
110,0,130,-20,47271,1200,44231,1840
987,23,480,484,407827,6662,394510,6655
259,2,313,-56,39254,955,34279,4020
1119,25,1146,-52,280025,3716,245714,30595
581,74,1412,-905,183935,8322,164549,11064
325,25,253,47,147429,10643,134771,2015
72,10,32,30,47343,1210,44263,1870
789,4,539,246,408616,6666,395049,6901
262,1,257,4,39516,956,34536,4024
1179,29,1178,-28,281204,3745,246892,30567
400,73,938,-611,184335,8395,165487,10453
316,22,265,29,147745,10665,135036,2044
53,0,28,25,47396,1210,44291,1895
926,15,793,118,409542,6681,395842,7019
128,4,330,-206,39644,960,34866,3818
754,5,760,-11,281958,3750,247652,30556
198,20,231,-53,184533,8415,165718,10400
231,21,202,8,147976,10686,135238,2052
55,2,68,-15,47451,1212,44359,1880
854,10,984,-140,410396,6691,396826,6879
180,5,308,-133,39824,965,35174,3685
672,7,480,185,282630,3757,248132,30741
174,18,80,76,184707,8433,165798,10476
206,28,208,-30,148182,10714,135446,2022
126,0,44,82,47577,1212,44403,1962
757,20,687,50,411153,6711,397513,6929
157,5,332,-180,39981,970,35506,3505
1292,16,944,332,283922,3773,249076,31073
531,31,599,-99,185238,8464,166397,10377
215,20,252,-57,148397,10734,135698,1965
112,4,163,-55,47689,1216,44566,1907
416,18,586,-188,411569,6729,398099,6741
159,11,254,-106,40140,981,35760,3399
912,24,1382,-494,284834,3797,250458,30579
375,27,658,-310,185613,8491,167055,10067
290,31,251,8,148687,10765,135949,1973
73,3,193,-123,47762,1219,44759,1784
845,12,687,146,412414,6741,398786,6887
232,6,261,-35,40372,987,36021,3364
995,25,1288,-318,285829,3822,251746,30261
525,59,586,-120,186138,8550,167641,9947
271,27,233,11,148958,10792,136182,1984
65,1,37,27,47827,1220,44796,1811
906,21,566,319,413320,6762,399352,7206
229,5,319,-95,40601,992,36340,3269
1038,6,1593,-561,286867,3828,253339,29700
353,13,403,-63,186491,8563,168044,9884
255,28,249,-22,149213,10820,136431,1962
68,0,50,18,47895,1220,44846,1829
783,20,595,168,414103,6782,399947,7374
184,11,271,-98,40785,1003,36611,3171
1953,35,1324,594,288820,3863,254663,30294
524,12,764,-252,187015,8575,168808,9632
232,22,283,-73,149445,10842,136714,1889
81,4,32,45,47976,1224,44878,1874
732,26,584,122,414835,6808,400531,7496
137,10,261,-134,40922,1013,36872,3037
2209,4,1972,233,291029,3867,256635,30527
130,54,408,-332,187145,8629,169216,9300
225,19,207,-1,149670,10861,136921,1888
61,0,174,-113,48037,1224,45052,1761
809,16,690,103,415644,6824,401221,7599
140,10,202,-72,41062,1023,37074,2965
492,8,555,-71,291521,3875,257190,30456
138,40,445,-347,187283,8669,169661,8953
230,19,196,15,149900,10880,137117,1903
34,0,1,33,48301,1229,45193,1879
785,15,585,185,418185,6894,403754,7537
105,4,240,-139,41680,1045,38068,2567
400,10,602,-212,295178,3941,261889,29348
479,1,1145,-667,189264,8850,172608,7806
148,12,151,-15,150760,10966,137921,1873
39,0,15,24,48340,1229,45208,1903
632,16,547,69,418817,6910,404301,7606
97,13,165,-81,41777,1058,38233,2486
610,2,679,-71,295788,3943,262568,29277
162,21,445,-304,189426,8871,173053,7502
141,15,174,-48,150901,10981,138095,1825
22,0,99,-77,48362,1229,45307,1826
227,15,573,-361,419044,6925,404874,7245
94,5,266,-177,41871,1063,38499,2309
723,9,591,123,296511,3952,263159,29400
247,35,425,-213,189673,8906,173478,7289
183,28,229,-74,151084,11009,138324,1751
66,2,42,22,48428,1231,45349,1848
161,18,593,-450,419205,6943,405467,6795
135,5,158,-28,42006,1068,38657,2281
792,6,422,364,297303,3958,263581,29764
346,16,392,-62,190019,8922,173870,7227
164,17,164,-17,151248,11026,138488,1734
53,2,320,-269,48481,1233,45669,1579
421,25,0,396,419626,6968,405467,7191
136,8,170,-42,42142,1076,38827,2239
1361,26,1143,192,298664,3984,264724,29956
673,43,899,-269,190692,8965,174769,6958
202,25,273,-96,151450,11051,138761,1638
29,2,0,27,48510,1235,45669,1606
219,15,194,10,419845,6983,405661,7201
155,3,212,-60,42297,1079,39039,2179
1119,39,1605,-525,299783,4023,266329,29431
561,16,630,-85,191253,8981,175399,6873
227,21,230,-24,151677,11072,138991,1614
53,1,64,-12,48563,1236,45733,1594
611,19,197,395,420456,7002,405858,7596
227,10,190,27,42524,1089,39229,2206
1219,8,1521,-310,301002,4031,267850,29121
404,53,182,169,191657,9034,175581,7042
254,32,195,27,151931,11104,139186,1641
87,1,344,-258,48650,1237,46077,1336
895,20,96,779,421351,7022,405954,8375
269,10,225,34,42793,1099,39454,2240
1332,14,1325,-7,302334,4045,269175,29114
550,68,425,57,192207,9102,176006,7099
259,21,243,-5,152190,11125,139429,1636
62,2,84,-24,48712,1239,46161,1312
856,16,100,740,422207,7038,406054,9115
198,10,263,-75,42991,1109,39717,2165
1085,16,1482,-413,303419,4061,270657,28701
653,43,159,451,192860,9145,176165,7550
244,16,177,51,152434,11141,139606,1687
66,4,100,-38,48778,1243,46261,1274
932,12,397,523,423139,7050,406451,9638
138,6,212,-80,43129,1115,39929,2085
997,15,637,345,304416,4076,271294,29046
486,31,117,338,193346,9176,176282,7888
233,16,196,21,152667,11157,139802,1708
36,2,52,-18,48814,1245,46313,1256
867,12,340,515,424006,7062,406791,10153
152,6,185,-39,43281,1121,40114,2046
970,6,713,251,305386,4082,272007,29297
359,21,256,82,193705,9197,176538,7970
228,16,205,7,152895,11173,140007,1715
49,1,51,-3,48863,1246,46364,1253
819,10,302,507,424825,7072,407093,10660
149,7,200,-58,43430,1128,40314,1988
1420,19,1450,-49,306806,4101,273457,29248
905,14,880,11,194610,9211,177418,7981
227,20,206,1,153122,11193,140213,1716
89,2,9,78,48952,1248,46373,1331
384,14,506,-136,425209,7086,407599,10524
215,10,191,14,43645,1138,40505,2002
1024,13,1021,-10,307830,4114,274478,29238
692,28,332,332,195302,9239,177750,8313
217,22,183,12,153339,11215,140396,1728
44,0,23,21,48996,1248,46396,1352
617,11,516,90,425826,7097,408115,10614
190,6,191,-7,43835,1144,40696,1995
660,10,661,-11,308490,4124,275139,29227
547,23,248,276,195849,9262,177998,8589
257,20,126,111,153596,11235,140522,1839
156,2,45,109,49152,1250,46441,1461
940,18,586,336,426766,7115,408701,10950
186,7,204,-25,44021,1151,40900,1970
1370,15,1056,299,309860,4139,276195,29526
694,5,237,452,196543,9267,178235,9041
218,24,182,12,153814,11259,140704,1851
53,2,62,-11,49205,1252,46503,1450
602,19,908,-325,427368,7134,409609,10625
180,4,195,-19,44201,1155,41095,1951
1206,18,921,267,311066,4157,277116,29793
668,45,631,-8,197211,9312,178866,9033
246,19,206,21,154060,11278,140910,1872
72,3,72,-3,49277,1255,46575,1447
898,12,998,-112,428266,7146,410607,10513
211,9,169,33,44412,1164,41264,1984
927,7,893,27,311993,4164,278009,29820
1050,20,652,378,198261,9332,179518,9411
255,19,202,34,154315,11297,141112,1906
46,0,60,-14,49323,1255,46635,1433
1064,13,1004,47,429330,7159,411611,10560
176,12,167,-3,44588,1176,41431,1981
640,10,481,149,312633,4174,278490,29969
1005,9,272,724,199266,9341,179790,10135
217,17,159,41,154532,11314,141271,1947
153,2,279,-128,49476,1257,46914,1305
726,19,581,126,430056,7178,412192,10686
158,7,141,10,44746,1183,41572,1991
1316,24,1206,86,313949,4198,279696,30055
881,22,574,285,200147,9363,180364,10420
249,31,226,-8,154781,11345,141497,1939
119,1,30,88,49595,1258,46944,1393
519,11,509,-1,430575,7189,412701,10685
219,9,178,32,44965,1192,41750,2023
892,10,2041,-1159,314841,4208,281737,28896
851,23,121,707,200998,9386,180485,11127
225,22,170,33,155006,11367,141667,1972
69,0,55,14,49664,1258,46999,1407
602,20,587,-5,431177,7209,413288,10680
268,4,129,135,45233,1196,41879,2158
930,22,2877,-1969,315771,4230,284614,26927
739,42,159,538,201737,9428,180644,11665
239,28,204,7,155245,11395,141871,1979
100,3,87,10,49764,1261,47086,1417
715,21,501,193,431892,7230,413789,10873
206,7,145,54,45439,1203,42024,2212
1176,26,7637,-6487,316947,4256,292251,20440
687,28,452,207,202424,9456,181096,11872
260,25,207,28,155505,11420,142078,2007
142,3,23,116,49906,1264,47109,1533
906,20,815,71,432798,7250,414604,10944
299,5,161,133,45738,1208,42185,2345
952,22,1736,-806,317899,4278,293987,19634
887,53,572,262,203311,9509,181668,12134
301,22,255,24,155806,11442,142333,2031
89,2,33,54,49995,1266,47142,1587
1317,22,828,467,434115,7272,415432,11411
150,6,107,37,45888,1214,42292,2382
993,16,701,276,318892,4294,294688,19910
1034,18,116,900,204345,9527,181784,13034
244,26,180,38,156050,11468,142513,2069
47,0,32,15,50042,1266,47174,1602
1019,20,884,115,435134,7292,416316,11526
295,5,211,79,46183,1219,42503,2461
870,15,356,499,319762,4309,295044,20409
890,40,395,455,205235,9567,182179,13489
276,21,189,66,156326,11489,142702,2135
100,0,42,58,50142,1266,47216,1660
1197,20,874,303,436331,7312,417190,11829
253,5,207,41,46436,1224,42710,2502
1790,22,974,794,321552,4331,296018,21203
1451,28,1218,205,206686,9595,183397,13694
301,27,197,77,156627,11516,142899,2212
142,4,86,52,50284,1270,47302,1712
755,20,948,-213,437086,7332,418138,11616
237,8,200,29,46673,1232,42910,2531
1073,26,1001,46,322625,4357,297019,21249
1487,33,677,777,208173,9628,184074,14471
389,34,247,108,157016,11550,143146,2320
103,1,25,77,50387,1271,47327,1789
1376,14,1112,250,438462,7346,419250,11866
304,7,210,87,46977,1239,43120,2618
1562,11,850,701,324187,4368,297869,21950
1457,15,937,505,209630,9643,185011,14976
401,33,216,152,157417,11583,143362,2472
198,4,50,144,51201,1284,47673,2244
2769,19,935,1815,448070,7430,423218,17422
466,8,226,232,48751,1275,44006,3470
1243,9,712,522,328942,4422,302070,22450
2579,9,170,2400,215684,9783,186764,19137
418,29,205,184,159059,11707,144248,3104
255,3,53,199,51456,1287,47726,2443
2722,39,1034,1649,450792,7469,424252,19071
428,5,208,215,49179,1280,44214,3685
1532,16,1758,-242,330474,4438,303828,22208
1400,55,665,680,217084,9838,187429,19817
403,30,280,93,159462,11737,144528,3197
141,1,54,86,51597,1288,47780,2529
1502,20,1194,288,452294,7489,425446,19359
438,17,211,210,49617,1297,44425,3895
1793,11,1287,495,332267,4449,305115,22703
1658,16,885,757,218742,9854,188314,20574
499,40,245,214,159961,11777,144773,3411
157,3,38,116,51754,1291,47818,2645
2376,34,1271,1071,454670,7523,426717,20430
534,15,280,239,50151,1312,44705,4134
2599,15,1511,1073,334866,4464,306626,23776
1251,18,573,660,219993,9872,188887,21234
702,46,255,401,160663,11823,145028,3812
168,6,31,131,51922,1297,47849,2776
4144,50,1877,2217,458814,7573,428594,22647
595,18,270,307,50746,1330,44975,4441
2800,17,1105,1678,337666,4481,307731,25454
1752,52,967,733,221745,9924,189854,21967
722,53,339,330,161385,11876,145367,4142
249,1,166,82,52171,1298,48015,2858
4737,66,2110,2561,463551,7639,430704,25208
592,12,237,343,51338,1342,45212,4784
2791,48,1299,1444,340457,4529,309030,26898
1331,51,764,516,223076,9975,190618,22483
731,39,409,283,162116,11915,145776,4425
278,7,105,166,52449,1305,48120,3024
4894,60,2443,2391,468445,7699,433147,27599
638,10,275,353,51976,1352,45487,5137
2104,15,1046,1043,342561,4544,310076,27941
1877,33,237,1607,224953,10008,190855,24090
693,39,343,311,162809,11954,146119,4736
228,4,151,73,52677,1309,48271,3097
5582,69,2457,3056,474027,7768,435604,30655
665,15,280,370,52641,1367,45767,5507
2009,62,1006,941,344570,4606,311082,28882
2195,86,154,1955,227148,10094,191009,26045
739,50,376,313,163548,12004,146495,5049
333,7,87,239,53010,1316,48358,3336
5014,74,2835,2105,479041,7842,438439,32760
662,12,218,432,53303,1379,45985,5939
2718,28,1252,1438,347288,4634,312334,30320
3252,39,2195,1018,230400,10133,193204,27063
719,50,366,303,164267,12054,146861,5352
462,4,233,225,53472,1320,48591,3561
3221,59,3481,-319,482262,7901,441920,32441
675,15,260,400,53978,1394,46245,6339
3432,69,995,2368,350720,4703,313329,32688
2439,71,1656,712,232839,10204,194860,27775
746,41,383,322,165013,12095,147244,5674
275,9,220,46,53747,1329,48811,3607
4693,47,1191,3455,486955,7948,443111,35896
694,17,273,404,54672,1411,46518,6743
2911,38,1044,1829,353631,4741,314373,34517
2595,45,2016,534,235434,10249,196876,28309
873,51,422,400,165886,12146,147666,6074
599,5,197,397,54346,1334,49008,4004
7505,49,2438,5018,494460,7997,445549,40914
791,11,258,522,55463,1422,46776,7265
3053,83,1667,1303,356684,4824,316040,35820
4384,70,2239,2075,239818,10319,199115,30384
945,51,393,501,166831,12197,148059,6575
313,5,30,278,54659,1339,49038,4282
6934,69,2571,4294,501394,8066,448120,45208
783,16,277,490,56246,1438,47053,7755
3846,84,1260,2502,360530,4908,317300,38322
2118,104,1926,88,241936,10423,201041,30472
975,52,509,414,167806,12249,148568,6989
266,4,19,243,54925,1343,49057,4525
9271,51,2725,6495,510665,8117,450845,51703
782,22,233,527,57028,1460,47286,8282
3787,75,1196,2516,364317,4983,318496,40838
2305,52,563,1690,244241,10475,201604,32162
989,50,577,362,168795,12299,149145,7351
698,19,289,390,55623,1362,49346,4915
9393,51,3505,5837,520058,8168,454350,57540
831,19,308,504,57859,1479,47594,8786
3988,94,1219,2675,368305,5077,319715,43513
2288,69,420,1799,246529,10544,202024,33961
889,64,496,329,169684,12363,149641,7680
494,7,195,292,56117,1369,49541,5207
8348,80,3414,4854,528406,8248,457764,62394
859,32,330,497,58718,1511,47924,9283
4771,73,1191,3507,373076,5150,320906,47020
2143,56,1536,551,248672,10600,203560,34512
1081,66,558,457,170765,12429,150199,8137
521,9,201,311,56638,1378,49742,5518
7379,80,3505,3794,535785,8328,461269,66188
850,18,390,442,59568,1529,48314,9725
3908,112,1140,2656,376984,5262,322046,49676
2923,66,1478,1379,251595,10666,205038,35891
1065,78,547,440,171830,12507,150746,8577
486,17,74,395,57124,1395,49816,5913
7680,71,3522,4087,543465,8399,464791,70275
892,30,351,511,60460,1559,48665,10236
4473,90,2206,2177,381457,5352,324252,51853
2332,71,2018,243,253927,10737,207056,36134
1203,94,648,461,173033,12601,151394,9038
300,2,19,279,57424,1397,49835,6192
7541,46,3527,3968,551006,8445,468318,74243
895,37,364,494,61355,1596,49029,10730
6179,64,1301,4814,387636,5416,325553,56667
2624,177,1702,745,256551,10914,208758,36879
1397,74,695,628,174430,12675,152089,9666
302,5,20,277,57726,1402,49855,6469
9399,70,5013,4316,560405,8515,473331,78559
922,24,353,545,62277,1620,49382,11275
4920,37,1595,3288,392556,5453,327148,59955
2538,220,1156,1162,259089,11134,209914,38041
1388,82,787,519,175818,12757,152876,10185
715,7,21,687,58441,1409,49876,7156
9701,16,5682,4003,570106,8531,479013,82562
1358,36,424,898,63635,1656,49806,12173
5393,37,2275,3081,397949,5490,329423,63036
3224,188,1501,1535,262313,11322,211415,39576
1439,80,637,722,177257,12837,153513,10907
621,17,25,579,59062,1426,49901,7735
10485,66,5816,4603,580591,8597,484829,87165
1615,38,524,1053,65250,1694,50330,13226
4458,66,2129,2263,402407,5556,331552,65299
2955,91,951,1913,265268,11413,212366,41489
1468,89,728,651,178725,12926,154241,11558
541,3,25,513,59603,1429,49926,8248
10902,120,6597,4185,591493,8717,491426,91350
1465,32,623,810,66715,1726,50953,14036
6971,39,1666,5266,409378,5595,333218,70565
3447,130,1571,1746,268715,11543,213937,43235
1543,99,915,529,180268,13025,155156,12087
457,6,268,183,60060,1435,50194,8431
9439,137,6100,3202,600932,8854,497526,94552
1386,52,779,555,68101,1778,51732,14591
7239,49,3524,3666,416617,5644,336742,74231
4048,216,1741,2091,272763,11759,215678,45326
1808,122,1077,609,182076,13147,156233,12696
612,13,168,431,60672,1448,50362,8862
9365,142,3655,5568,610297,8996,501181,100120
1370,32,800,538,69471,1810,52532,15129
8591,68,3719,4804,425208,5712,340461,79035
3823,366,2747,710,276586,12125,218425,46036
2548,155,1045,1348,184624,13302,157278,14044
503,5,143,355,61175,1453,50505,9217
12974,136,10857,1981,623271,9132,512038,102101
1424,38,918,468,70895,1848,53450,15597
7772,136,3259,4377,432980,5848,343720,83412
4232,235,2239,1758,280818,12360,220664,47794
2551,165,1291,1095,187175,13467,158569,15139
514,4,49,461,61689,1457,50554,9678
13112,138,15022,-2048,636383,9270,527060,100053
1665,44,902,719,72560,1892,54352,16316
7399,160,4974,2265,440379,6008,348694,85677
4530,202,3042,1286,285348,12562,223706,49080
2530,168,1727,635,189705,13635,160296,15774
